RunID,RunDateTime,InstantiationType,Strategy,ObjectCount,Repetition,FrameCount,AvgFrameTimeMs,MaxFrameTimeMs,MinFrameTimeMs,StdDevFrameTimeMs,GCAllocBytes
1,2026-05-31 22:03:31,WALL,Simple Instantiation Strategy,100000,1,488,42.58261,225.4078,9.890802,20.11291,47813823
1,2026-05-31 22:03:31,WALL,Simple Instantiation Strategy,100000,2,488,45.82802,1841.502,8.315001,83.28802,44721320
1,2026-05-31 22:03:31,WALL,Simple Instantiation Strategy,100000,3,488,45.62561,1707.45,8.157596,77.46314,44735479
1,2026-05-31 22:03:31,WALL,Simple Instantiation Strategy,100000,4,488,45.48543,1696.167,8.742801,76.8357,44726009
1,2026-05-31 22:03:31,WALL,Simple Instantiation Strategy,100000,5,488,45.44555,1728.813,9.190299,78.22662,44723471
1,2026-05-31 22:03:31,WALL,Simple Instantiation Strategy,100000,6,488,46.3421,1724.357,9.117999,77.9976,44746177
1,2026-05-31 22:03:31,WALL,Simple Instantiation Strategy,100000,7,488,46.00014,1872.923,8.016603,84.66506,44725399
1,2026-05-31 22:03:31,WALL,Simple Instantiation Strategy,100000,8,488,45.51929,1728.121,8.549504,78.19915,44812963
1,2026-05-31 22:03:31,WALL,Simple Instantiation Strategy,100000,9,488,46.0916,1887.014,8.139803,85.27943,44775882
1,2026-05-31 22:03:31,WALL,Simple Instantiation Strategy,100000,10,488,45.91832,1848.056,9.129104,83.53692,45075559
1,2026-05-31 22:03:31,WALL,Custom Pooling Instantiation Strategy,100000,1,488,63.8328,2937.315,47.333,130.4346,43423833
1,2026-05-31 22:03:31,WALL,Custom Pooling Instantiation Strategy,100000,2,488,41.18647,496.9181,6.817397,27.38498,34913360
1,2026-05-31 22:03:31,WALL,Custom Pooling Instantiation Strategy,100000,3,488,41.18567,547.499,6.611197,29.24482,34881047
1,2026-05-31 22:03:31,WALL,Custom Pooling Instantiation Strategy,100000,4,488,41.50771,505.4005,6.223902,27.87587,34897060
1,2026-05-31 22:03:31,WALL,Custom Pooling Instantiation Strategy,100000,5,488,41.28725,517.1187,6.189895,28.35166,34906316
1,2026-05-31 22:03:31,WALL,Custom Pooling Instantiation Strategy,100000,6,488,41.3071,506.7143,6.454401,27.91378,34898561
1,2026-05-31 22:03:31,WALL,Custom Pooling Instantiation Strategy,100000,7,488,41.45201,516.6048,6.178005,28.38511,34913593
1,2026-05-31 22:03:31,WALL,Custom Pooling Instantiation Strategy,100000,8,488,41.26235,492.1388,6.505896,27.3937,34896750
1,2026-05-31 22:03:31,WALL,Custom Pooling Instantiation Strategy,100000,9,488,41.17936,512.5834,6.516405,28.05132,34876836
1,2026-05-31 22:03:31,WALL,Custom Pooling Instantiation Strategy,100000,10,488,41.31657,500.4125,6.141695,27.7705,34924600
1,2026-05-31 22:03:31,WALL,Lean Pool Instantiation Strategy,100000,1,488,46.35954,1878.484,9.647506,84.84017,64405302
1,2026-05-31 22:03:31,WALL,Lean Pool Instantiation Strategy,100000,2,488,50.31718,2416.726,17.1359,108.2807,36858651
1,2026-05-31 22:03:31,WALL,Lean Pool Instantiation Strategy,100000,3,488,50.34401,2426.989,16.7211,108.7673,36801045
1,2026-05-31 22:03:31,WALL,Lean Pool Instantiation Strategy,100000,4,488,50.42717,2402.252,15.7731,107.677,36767817
1,2026-05-31 22:03:31,WALL,Lean Pool Instantiation Strategy,100000,5,488,50.32785,2396.3,15.8707,107.4208,36764142
1,2026-05-31 22:03:31,WALL,Lean Pool Instantiation Strategy,100000,6,488,50.38231,2401.698,15.6804,107.6793,36760933
1,2026-05-31 22:03:31,WALL,Lean Pool Instantiation Strategy,100000,7,488,50.54316,2435.579,16.6488,109.1679,36761599
1,2026-05-31 22:03:31,WALL,Lean Pool Instantiation Strategy,100000,8,488,50.31441,2447.134,15.6586,109.6489,36774657
1,2026-05-31 22:03:31,WALL,Lean Pool Instantiation Strategy,100000,9,488,50.21325,2443.641,15.9149,109.4849,36764271
1,2026-05-31 22:03:31,WALL,Lean Pool Instantiation Strategy,100000,10,488,50.56718,2403.118,15.4103,107.7298,36764025
1,2026-05-31 22:23:14,WALL,Simple Instantiation Strategy,20000,1,98,20.81464,220.5486,9.3758,20.83077,10429280
1,2026-05-31 22:23:14,WALL,Simple Instantiation Strategy,20000,2,98,21.55256,328.4869,8.600397,31.51882,8926090
1,2026-05-31 22:23:14,WALL,Simple Instantiation Strategy,20000,3,98,21.237,329.5389,7.673299,31.68548,8897192
1,2026-05-31 22:23:14,WALL,Simple Instantiation Strategy,20000,4,98,21.3875,323.3395,7.591801,31.05791,8949488
1,2026-05-31 22:23:14,WALL,Simple Instantiation Strategy,20000,5,98,21.76713,342.3767,7.812706,32.91688,8951786
1,2026-05-31 22:23:14,WALL,Simple Instantiation Strategy,20000,6,98,21.23289,327.0323,7.780499,31.4267,8923546
1,2026-05-31 22:23:14,WALL,Simple Instantiation Strategy,20000,7,98,21.39215,332.3465,7.608099,31.97757,8951278
1,2026-05-31 22:23:14,WALL,Simple Instantiation Strategy,20000,8,98,21.51911,328.2161,7.871705,31.50995,8928198
1,2026-05-31 22:23:14,WALL,Simple Instantiation Strategy,20000,9,98,21.59069,336.184,7.612996,32.35683,8897736
1,2026-05-31 22:23:14,WALL,Simple Instantiation Strategy,20000,10,98,21.58098,332.0499,7.910799,31.85826,8962081
1,2026-05-31 22:23:14,WALL,Custom Pooling Instantiation Strategy,20000,1,98,26.05475,521.4408,13.50651,50.38264,8655065
1,2026-05-31 22:23:14,WALL,Custom Pooling Instantiation Strategy,20000,2,98,18.78633,272.0348,6.056796,26.16364,6818892
1,2026-05-31 22:23:14,WALL,Custom Pooling Instantiation Strategy,20000,3,98,18.379,263.029,5.636402,25.326,6773976
1,2026-05-31 22:23:14,WALL,Custom Pooling Instantiation Strategy,20000,4,98,18.50033,262.3535,6.301403,25.24316,6745858
1,2026-05-31 22:23:14,WALL,Custom Pooling Instantiation Strategy,20000,5,98,18.53927,263.376,6.570699,25.33873,6799168
1,2026-05-31 22:23:14,WALL,Custom Pooling Instantiation Strategy,20000,6,98,18.54763,261.8542,5.967701,25.18693,6774124
1,2026-05-31 22:23:14,WALL,Custom Pooling Instantiation Strategy,20000,7,98,18.48857,265.4251,6.0169,25.54074,6801548
1,2026-05-31 22:23:14,WALL,Custom Pooling Instantiation Strategy,20000,8,98,18.45567,260.533,6.040597,25.0619,6773886
1,2026-05-31 22:23:14,WALL,Custom Pooling Instantiation Strategy,20000,9,98,18.47751,262.2156,6.222406,25.23621,6742350
1,2026-05-31 22:23:14,WALL,Custom Pooling Instantiation Strategy,20000,10,98,18.86698,264.9522,6.560601,25.42837,6811929
1,2026-05-31 22:23:14,WALL,Lean Pool Instantiation Strategy,20000,1,98,21.80043,343.0411,8.612499,32.938,13329909
1,2026-05-31 22:23:14,WALL,Lean Pool Instantiation Strategy,20000,2,98,21.87543,371.2373,9.141298,35.73706,7374505
1,2026-05-31 22:23:14,WALL,Lean Pool Instantiation Strategy,20000,3,98,22.21687,368.2144,9.020996,35.40489,7327749
1,2026-05-31 22:23:14,WALL,Lean Pool Instantiation Strategy,20000,4,98,22.76339,395.6654,9.639498,38.11382,7364666
1,2026-05-31 22:23:14,WALL,Lean Pool Instantiation Strategy,20000,5,98,22.72187,397.025,9.910105,38.24134,7333642
1,2026-05-31 22:23:14,WALL,Lean Pool Instantiation Strategy,20000,6,98,22.56818,384.4051,9.902905,36.99083,7295302
1,2026-05-31 22:23:14,WALL,Lean Pool Instantiation Strategy,20000,7,98,23.00943,395.7816,10.1204,38.06632,7365705
1,2026-05-31 22:23:14,WALL,Lean Pool Instantiation Strategy,20000,8,98,22.63434,380.4792,9.631399,36.58199,7336769
1,2026-05-31 22:23:14,WALL,Lean Pool Instantiation Strategy,20000,9,98,22.82533,390.9037,9.726899,37.63359,7356658
1,2026-05-31 22:23:14,WALL,Lean Pool Instantiation Strategy,20000,10,98,22.79193,379.5841,9.668097,36.50825,7341178
1,2026-05-31 22:24:36,WALL,Simple Instantiation Strategy,5000,1,25,21.34711,229.8766,9.882895,42.59414,2764371
1,2026-05-31 22:24:36,WALL,Simple Instantiation Strategy,5000,2,25,21.5727,253.7061,8.342,47.42125,2368043
1,2026-05-31 22:24:36,WALL,Simple Instantiation Strategy,5000,3,25,21.84071,258.9813,8.014002,48.4456,2362547
1,2026-05-31 22:24:36,WALL,Simple Instantiation Strategy,5000,4,25,21.07101,243.097,7.930903,45.36322,2252147
1,2026-05-31 22:24:36,WALL,Simple Instantiation Strategy,5000,5,25,21.19204,246.5846,8.3518,46.04546,2275995
1,2026-05-31 22:24:36,WALL,Simple Instantiation Strategy,5000,6,25,20.74401,242.073,8.1687,45.2193,2258651
1,2026-05-31 22:24:36,WALL,Simple Instantiation Strategy,5000,7,25,20.53354,240.1928,8.198299,44.87217,2255655
1,2026-05-31 22:24:36,WALL,Simple Instantiation Strategy,5000,8,25,20.80911,242.2546,8.359602,45.24033,2362739
1,2026-05-31 22:24:36,WALL,Simple Instantiation Strategy,5000,9,25,21.01264,245.9924,8.005095,45.96948,2253059
1,2026-05-31 22:24:36,WALL,Simple Instantiation Strategy,5000,10,25,20.96828,243.9201,8.159404,45.55157,2252299
1,2026-05-31 22:24:36,WALL,Custom Pooling Instantiation Strategy,5000,1,25,23.54053,295.8681,9.596103,55.60392,2197448
1,2026-05-31 22:24:36,WALL,Custom Pooling Instantiation Strategy,5000,2,25,19.23174,242.1845,6.433298,45.58612,1719983
1,2026-05-31 22:24:36,WALL,Custom Pooling Instantiation Strategy,5000,3,25,18.50608,231.3943,6.515398,43.49555,1706631
1,2026-05-31 22:24:36,WALL,Custom Pooling Instantiation Strategy,5000,4,25,18.4445,233.6463,6.900404,43.95292,1706783
1,2026-05-31 22:24:36,WALL,Custom Pooling Instantiation Strategy,5000,5,25,18.39997,232.1202,6.518899,43.65563,1760631
1,2026-05-31 22:24:36,WALL,Custom Pooling Instantiation Strategy,5000,6,25,18.29701,230.9751,6.008702,43.46084,1727585
1,2026-05-31 22:24:36,WALL,Custom Pooling Instantiation Strategy,5000,7,25,19.02225,241.6188,6.639201,45.48042,1731649
1,2026-05-31 22:24:36,WALL,Custom Pooling Instantiation Strategy,5000,8,25,18.20115,229.6006,6.652105,43.1839,1706631
1,2026-05-31 22:24:36,WALL,Custom Pooling Instantiation Strategy,5000,9,25,18.22656,230.821,6.324801,43.43251,1706419
1,2026-05-31 22:24:36,WALL,Custom Pooling Instantiation Strategy,5000,10,25,18.68814,239.1783,6.4589,45.05115,1707071
1,2026-05-31 22:24:36,WALL,Lean Pool Instantiation Strategy,5000,1,25,21.91786,243.7583,8.564506,45.35906,3270589
1,2026-05-31 22:24:36,WALL,Lean Pool Instantiation Strategy,5000,2,25,21.39172,254.2691,8.749596,47.56944,1866629
1,2026-05-31 22:24:36,WALL,Lean Pool Instantiation Strategy,5000,3,25,21.07844,250.0058,8.4697,46.76372,1852773
1,2026-05-31 22:24:36,WALL,Lean Pool Instantiation Strategy,5000,4,25,21.06518,250.8512,8.7161,46.94032,1852797
1,2026-05-31 22:24:36,WALL,Lean Pool Instantiation Strategy,5000,5,25,21.5203,257.0348,8.736897,48.10841,1852605
1,2026-05-31 22:24:36,WALL,Lean Pool Instantiation Strategy,5000,6,25,20.94579,247.3313,8.007199,46.25066,1914250
1,2026-05-31 22:24:36,WALL,Lean Pool Instantiation Strategy,5000,7,25,20.9863,246.8021,8.387202,46.13069,1885842
1,2026-05-31 22:24:36,WALL,Lean Pool Instantiation Strategy,5000,8,25,21.08208,247.6531,8.6687,46.28705,1853677
1,2026-05-31 22:24:36,WALL,Lean Pool Instantiation Strategy,5000,9,25,21.44197,257.6934,8.876601,48.2574,1853061
1,2026-05-31 22:24:36,WALL,Lean Pool Instantiation Strategy,5000,10,25,21.0789,247.8945,8.800106,46.33165,1825869
